OTHERS,~Bye Singapore~#travel2014#beforeschoolopens#family#vietnam#hochinminh
EU,"Christmas #instaboy #instalike #instachile #christmas #navidad #travel2014 #nice #likeforlike #like4like"
OTHERS,Otra de #santorini #grecia #travel2014 #mochileros #love #esposos #sunglass #oakley #rayban #relax #faraway
OTHERS,#santorini #grece #grecia #europa #esposos #love #travel2014 #mochileros un poquito lejos las casitas blancas con techo azul!
AMERICA,Merry Christmas indeed! My Japan travel would not be complete without a Louis Vuitton from Mom! Arigato okasan!! #japan #jossa #japanjapan #xmasvacay #travel2014
AMERICA,I'm dreaming of a white Christmas #Christmas2014 #USA #wanderlust #bucketlist #travel2014 #winter #ootd
AMERICA,Merry Christmas to all my family and friends near and far! Hope you all have a wonderful time over the holidays!! #Lego #Christmas #XmasinAus2014 #travel2014 #fun #Sydney
APAC,#iphone5s #iphonephotos #iphonephotography #travelPH #travel2014 #Manila #Cebu #BantayanIsland #IslandHopping #travel #travelphotos #cute #animals #bunnies #vacation #islands #wanderlust #province #Visayas #NaturePark #VirginIslands
EU,"Merry Christmas ! #Christmas #London #UK #travel2014 #feliznatal #bigben"
AMERICA,#poachedegg for #brunch #denmanst #vancouver #canada #BC #travel2014
APAC,Always take the high road and gain a better perspective. #iphone5s #iphonephotos #iphonephotography #travelPH #travel2014 #Manila #Tagaytay #TagaytayHighlands #travel #travelphotos #mountainclimbing #mountaintop #adventure #greatview #wanderlust #Philippines #nature
AMERICA,#vancouver #canada #BC #vancity #travel2014
AMERICA,#vancouver #canada #BC #vancity #travel2014 #englishbay
APAC,The sun sets so it can rise again. #nofilter #iphone5s #iphonephotos #iphonephotography #travelPH #travel2014 #Cebu #BantayanIsland #sunset #wanderlust #boatride
AMERICA,#vancouver #canada #BC #vancity #lovevancouver #travel2014
APAC,"""We found wonderland. You and I got lost in it."" #iphone5s #iphonephotos #iphonephotography #travelPH #travel2014 #Manila #date #romantic #wanderlust #dateplace #restaurants #vintage #argentine"
APAC,Let your scars remember the people who caused them. #love #lovequotes #quotes #iphone5s #iphonephotos #iphonephotography #travelPH #travel2014 #Tagaytay #food #foodphotography #foodtrip #goodfood #bread #wood #wanderlust #vacation #ouydoor #alfresco #dinner #finedining
AMERICA,Cold but nice weather in #vancouver #canada #BC #vancity #lovevancouver #travel2014 #englishbay
OTHERS,"Bu sz bana gelsin ''Ne bu dertler kalc ne bu mr baki beyim.Sen doru yolda yrdn, eilip bklmedin.'' #Dirili#travel2014 #stanbul #Aydnniversitesi #Haziran #tercih2014"
APAC,"""Family"" dinner #iphone5s #iphonephotos #iphonephotography #travelPH #travel2014 #Tagaytay #Philippines #travel travelphotos #dinner #dinneralfresco #finedining #vacation #wanderlust"
EU,"Earlier onVeniceItaly December 2014#travel #travel2014 #venice #italy #fernweh #wanderlust #gypsysoul"
EU,"Christmas Cheers fromInnsbruckAustriaDecember 2014#fernweh #wanderlust #travel #travel2014 #gypsysoul #innsbruck #austria"
EU,#Poland #Warszawa #travel2014 #Piwna # # #street #calle #beautifulcity  #ciudadhermosa #cidadebela # #Wawa #Warsaw
AMERICA,"#Day305V 2.0Wishing you all a Merry Christmas! Cheers!  When in Innsbruck, Austria.Our friendly travel coordinator arranged our Christmas dinner and treat us with bottles of wine and individual Christmas gift. How thoughtful! A Merry Christmas indeed! #accesstravelph#100happydays #365daysofhappiness #inpursuitofhappydiorelle#travel2014 #travel #fernweh #wanderlust #gypsysoul #innsbruck #austria"
OTHERS,Now boarding  Happy Christmas!
EU,#foodporn #freshseafood #Barcelona #streetphotography #LaBoqueria #foodmarket #travel #travel2014 #amazingfreshfood #Barcelona #BCN #exploreBarcelona #Euro #GasteropostYYC #fujifilm #x30
APAC,First smile at the Land of Smile... Sawadeee .. Safely landed.. Check In pun dah... Selfie sikit.. Good Night BKK..  Merry Christmass  #selfie #touchdown #bangkokdangerous #bangkok #travel2014 #traveller #travelogue #travellingdoctor #beaniess #smile #backpacker #backpacking2014 #lonelytraveller #asianguy #asianmen #iger #ig_malaysia #ig_thailand
AMERICA,Joy to the world the LORD has come! #ChristmasEve #Christmas2014 #Christmas #Christian #church #CebuCity #Cebu #Philippines #basilica #travel2014 #travel
AMERICA,"Special dedication to @liannapowell , a friend whom I had known on the plane heading to Australia We are two hours behind So, Merry X-mas in advance to You, Maddy and ur cool Mom Hope to see u girls again We were in deep love with Aussie and the people of course Merry Christmas ! Yeay !!! #australia #airasia #merryxmas #christmas2014 #christmas #travel2014 #goldcoast #brisbane #malaysia"
OTHERS,Lapad!! Pampaswerte sa wallet!! #xmasvacay #travel2014 #japanjapan #japan thanks Mom!!
APAC,Gardens by the bay
OTHERS,Plongee koh tao #plonger #plongee #koh #kohtao #tao #diving #thailande #travel2014 #thailand #travel #happy
AMERICA,Christmas eve mass..  #ChristmasEve #Christmas #Christmas2014 #basilica #CebuCity #Cebu #travel2014 #travel #PhotoGrid
AMERICA,Our Noche Buena! Merry Christmas  #foodporn #bangkokjam #travel2014 #christmas2014 #12242014
OTHERS,My outfit really fits this beautiful #flowerdome on to our next destination  #ootd #travel2014 #christmas2014 #12242014
APAC,Aktiviti tarik tali salju bersama rakan-rakan seperjuangan  #frozen #france #montblanc #winter #snow #travel2014 #scenery
OTHERS,Christmas Eve in a peaceful place.  #Christmas2k14 #Travel2014
OTHERS,12.24.2014: The Jetty Walk. #HoldfastBay #BrightonBeach #AussieLife #DailyGram #InstaSnaps #Adelaide #Travel2014 #Adelaide #Travel #UrbanTravels #MorningRun #Igs_Global #IgersADL
EU,"Neuf moments/lieux marquants de mon anne de voyages.1-La Closerie des Lilas, Paris, France. 2-Fjord du Saguenay, Alfred le voisin d'Oscar, Anse-de-Roche, Sacr-Coeur, Qubec. 3-Muse Dali, Figures, Espagne. 4- Wahiba Sands, Oman. 5- Chicago, USA. 6-Parc de Sian Ka'an, Quintana Roo, Mexique. 7- Aiguilles de Port-Coton, Belle-le-en-mer, France. 8- Churchill, Manitoba, Canada. 9-Beaujolais, France. #2014inreview #9favesof2014 #travel2014"
AMERICA,"""And suddenly there was with the angel a multitude of the heavenly host praising God, and saying, 'Glory to God in the highest, and on earth peace, good will toward men.' "" - Luke 2:13-14 #Christmas #Christmas2014 #VirginMary #BabyJesus #Angels #Christian #Catholic #Intramuros #IGMP2014 #travel2014 #travel #BibleVerse"
APAC,"Happy Holiday... Merry Christmass.. See you in Sin City #christmasstrip #bangkokdangerous #lonelytraveller #bangkok #thailand #travel2014 #travel2014 #travel2014 #travelgram #travelogue #travellingdoctor #backpacker #backpacking2014 #viaGoPro #GoPro4 #GoProMalaysia #wanderlust #globetrekker #asianguy #asianmen #iger #ig_malaysia #ig_thailand"
AMERICA,Danggit and other dried fish overload! #travel2014 #travel #Taboan #CebuCity #Cebu #Danggit #ambahokona #Christmas #Christmas2014 #PhotoGrid
OTHERS,Bad Gal. #japan #jossa #japanjapan #travel2014 #shandiij
AMERICA,"There are many Gifts under the Christmas tree, but the best one is the Gift of Friendship. Looking forward for more Travels, more Adventures, more FUNny moments for US in 2015. Merry Christmas!!! iloveyou! #merrychristmas #iSTAR #bff #friendsforever #missyouall #lovelovelove #prettyladies #thankful #blessed #travel2014 #adventures #fun #feelingloved #2014 #igers"
APAC,Goofing around #HumayunTomb #UNESCOWorldHeritage #IncredibleIndia #Delhi #India #Travel2014 #MeandtheWorld #HistoricalSite
OTHERS,12.24.2014: The Hump at Holdfast Bay. #HoldfastBay #Perspectives #AussieLife #UrbanTravels #MorningRun #BrightonBeach #Travel #Adelaide #Travel2014 #Adelaide2014 #SouthAustralia #DailyGram #InstaSnaps #Igs_Global #IgersADL
APAC,Picturesque #HumayunTomb #IncredibleIndia #India #Travel2014 #UNESCOWorldHeritage #Delhi #instatravel
EU,#amsterdam #airport #travel #travel2014 #Netherlands #holland #city #fujifilm #x30 #pictureinapicture #picoftheday
AMERICA,Merry Christmas!! #japan #japanjapan #travel2014
AMERICA,#christmas #illumination #vancouver #canada #travel2014
OTHERS,I'm your angel  #ootd #alivemuseum #travel2014 #familybonding #christmas2014 #12242014
AMERICA,Definitely Yes! #welovevan #vancouver #canada #travel2014
AMERICA,#dessert after #dinner #pistachio and #hazelnut #gelato #robsonst #vancouver #canada #travel2014
APAC,"Day22 of #24travelmoments : #Malacca, known as the ""Historical state of Malaysia"" and even one of the #UNESCO heritage, is one of the greatest attraction in Malaysia. Never did I know that I will set foot in the state of Malacca. Too bad we just stayed there for one afternoon. Would really love to stay and explore more of the Portuguese influenced state of Malacca. | August 2014 #24travelmoments @veerabianca"
APAC,"Loboc River, Bohol Philippines  #lobocriver #bohol #philippines #travel #wanderlust #vacay #bavstravel #travel2014 #bavsicle #thewayilivelife"
APAC,"Cruising at Loboc River while having lunch. Bohol, Philippines  #lobocriver #bohol #philippines #vacay #wanderlust #travel #bavstravel #bavsicle #travel2014 #thewayilivelife"
APAC,Chocolate Hills at Bohol Philippines  #chocolatehills #bohol #travel #wanderlust #vacay #bavstravel #travel2014 #thewayilivelife #bavsicle
OTHERS,None
AMERICA,Finally saw this! ;) #MagellansCross #Cebu #CebuCity #Philippines #wowPhilippines #choosePhilippines #Christmas #travel #travel2014 #PhotoGrid
OTHERS,Amazing creatures #jellyfish #nofilter #notafoodpic #sentosaisland #travel2014 #singapore
APAC,Not all those who wander are lost  #travel2014 #friends #soulsisters #namethequote
APAC,Blood Compact Shrine at Bohol #travel #wanderlust #vacay #bohol #philippines #bavstravel #travel2014 #history #shrine
OTHERS,Waves after waves  #posemenatapmasadepan #turkey #travel2014 #vscocam #bosphorus
AMERICA,12.23.2014: Good Bye Rundle Mall. #RundleMall #CityofAdelaide #Downtown #DailyGram #Perspectives #UrbanTravels #AussieLife #Adelaide #Travel2014 #Adelaide2014 #Travel #Igs_Global #IgsAU  #IgersADL #Tuesday
OTHERS,12.23.2014: The Malls Balls. #RundleMall #MallsBalls #DailyGram #Art #ArtADL #InstaSnaps #Travel2014 #Travel #Adelaide #Adelaide2014 #SouthAustralia #Igs_Global #IgsAU #IgersADL #AussieLife #UrbanTravels
APAC,City tour with @chrisbreeeeezy @bebishang @jeffreygarde  #bangkok #thailand #wanderlust #travel2014
AMERICA,Good Morning!! Made with @instaweatherpro Free App! #instaweather #instaweatherpro #weather #wx #amagasaki #japan #day #winter #morning #cold #jp
OTHERS,Died and gone to durian heaven #duriansnowice #durianpuree #muchbetterthanshavedice #allformyself #travel2014 #singapore
AMERICA,Good morning Cebu!  #travel #travel2014 #CebuCity #Cebu #Philippines #basilica #Christmas
OTHERS,"#podeaccar #brasil #riodejaneiro#travel2014"
AMERICA,Arrived in #Vancouver we went to #timhortons #canada #mapledipped #travel2014
EU,Doumo Milano##travel2014#italia#bucketlist#europe
EU,"Leaning Tower of PisaPisaItalyDecember 2014#wanderlust #fernweh #gypsysoul #DameTraveler #travel #travel2014 #pisa #italy"
EU,"Obligatory touristy shot.Leaning TowerPisaItalyDecember 2014#travel #travel2014 #fernweh #wanderlust #pisa #italy"
OTHERS,"#Day304Obligatory Touristy shot.  #inpursuitofhappydiorelle #100happydays #365daysofhappiness#accesstravelph"
APAC,The Intricate Carvings of #QutubMinar #UNESCOWorldHeritage #IncredibleIndia #Travel2014 #India #Delhi
OTHERS,Cold Day in #TajMahal #IncredibleIndia #7WondersoftheWorld #India #Travel2014
AMERICA,"Because I'm a #spoiledbitch, for my 1st night in Osaka, MOM already gave me 2 Bags. Meet my very 1st KIPLING bag :) #shandiij #travel2014"
AMERICA,Here we are! #Vancouver #canada #travel2014 #rainy #cold #fun
EU,"#instalike #instachile #santiago #instasantiago #likeforlike #like4like #salvador #providencia #travel2014 #nice"
EU,Istanbul by night. #istanbul @nightsky #flightsky #istanbulbynight #travel2014 #travelbyartbytina
OTHERS,"Sailing on a calm sea backdropped by sunset orange was the majestic finale to our Apo Reef trip. Here, I randomly zoomed the lens and caught a lone ship at a distance. What seemed an abstract image became one of my favorite photos of our Mindoro trip. #throwback #travel2014"
AFRICA,Guess who we spotted at the Paloleum Beach DOLPHINS  #PaloleumBeach #travel2014 #holidays #boatrideventure #Dolphins in  #IndianSea #instagoa #instaindia #instamumbai #instagramqatar #wild #Dolphins
OTHERS,Ang Dyosa ng Osaka. #japanjapan  #travel2014 @renedurian @abs_catherinecc @eichef @gabyoyah @vanjuniel Haha!!
APAC,Beautiful park going to Temple of Heaven more on walkwithcham.com #walkwithcham #templeofheaven #beijing #beijinger #Beijing2014 #china #asia #travel #traveler #travel2014 #travelblog #travelblogger #travelgram #igtravel #wanderlust #ootd #winterootd #winter #blog #blogger
OTHERS,Guess where 102 @gmaeyou #NYCTRIP #TRAVEL2014
OTHERS,Guess where lol @gmaeyou @thewinternerd90  #NYCTRIP #TRAVEL2014
APAC,#VSCOcam #latepost #saigon #post #travel2014 #Architecture #Vietnam #trip #vietnamtrip #throwback
APAC,I wake up to your sunset and it's drivin' me mad I miss you so bad and my heart is so jet-lagged.  #np #travel2014 #TBT #ph
AMERICA,A trip filled with so much fun and laughter all thanks to these 2 jokers. Had such a fab time. Thank u for hosting and bringing us around!! Cheers to more trips in the future!! #manchester #funtimes #travel2014 #seljeantravels #winter2014 #vscocam
AMERICA,Happy family by the elevator!  #family #celebration #Cebu #CebuCity #travel #travel2014 #Christmas #Birthday #CrownRegency #WangShanLo #ClubUltima #nofilter
APAC,#selfie with the birds of Batu Caves #travel2014 #flashback #malaysia #smile
AMERICA,Up close and personal with the Barbary Sheep at the #TarongaZoo . #travel2014 #XmasinAus2014 #nofilter
AMERICA,A magical night! Such a beauty! Can't wait to see more tomorrow #gardensbythebay #travel2014 #christmas2014 #12232014
AMERICA,Driving into the setting sun #Pondicherry #RoadTripping #Pondi2014 #SouthIndia #WindInMyFace #Sunset #PerfectWeather #HolidayTime #Drive #Sun #Travel2014
AMERICA,The Ruins at night time. #BacolodPH #travel2014
AMERICA,Happy holidays hk!... #hongkong2014 #travel2014 #wanderlust
APAC,High tea in the street of the well known shopping district in Singapore  #travel2014 #christmas2014 #orchard #12232014
APAC,"Day 21 of #24travelmoments : This is not your typical white sandy beach, instead it is a pebble beach. Rarely you can see a pebble beach in the shores of the Philippines. And look how secluded the area is!  Really a good place to meditate and reflect. | July 2014 #24travelmoments @veerabianca"
OTHERS,"The start of some 2014 highlights, the end of a year brings reflections, learning curves, travel stories and camp fire memories. Bring on 2015. #travel #travel2014 #travelafrica #travelphotography #botswana #Ariel #arielphotography #inflight #okavango #reflections #arielview #photostories #island #lovetotravel @igworldclub #igworld @ig_africa #ig_africa @ig_snapshots #ig_snapshots @teamtravelers #teamtravelers @travel.pic #travelpic @africanamazing #africanamazing"
AFRICA,#fbf #southafrica #apex #chrisfallows #missingthecrew #bestvaca #greatpeople #travel2014 #flashbackfriday #happiness #sharks #greatwhites #cagediving #fun
AFRICA,"Cape of Good Hope
#amazingcapetown #beautifulplace #capeofgoodhope #capeofstorms #capepoint #capetown #dreamscomestrue #emotions #ilovesouthafrica #interestingplace #journey #myjourney #southafrica #southafricaza #southafrica2013 #trip #travelling #travel #travel2013 #thisissouthafrica"
AFRICA,"Cape of Good Hope 
#amazingcapetown #beautifulplace #capeofgoodhope #capeofstorms #capepoint #capetown #dreamscomestrue #emotions #ilovesouthafrica #interestingplace #journey #myjourney #southafrica #southafrica2013 #southafricaza #travelling #trip #travel #travel2013 #thisissouthafrica"
AFRICA,#dreamscomestrue #capepoint #capeofstorms #southafrica #southafrica2013 #beautifulplace #capeofgoodhope #capetown #journey #lighthousesoftheworld #lighthouses #lovelighthouses #ilovesouthafrica #interestingplace #myjourney #southafricaza #travel #trip #travelling #travel2013 #thisissouthafrica
AFRICA,Cape Point #amazingcapetown #beautifulplace #capeofgoodhope #capeofstorms #capepoint #capetown #dreamscomestrue #emotions #journey #lighthousesoftheworld #lighthouses #lovelighthouses #myjourney #southafrica #southafricaza #southafrica2013 #trip #travelling #travel2013 #travel #thisissouthafrica
APAC,Cape Point Lighthouse #amazingcapetown #beautifulplace #blackandwhite #capeofgoodhope #capepoint #capeofstorms #capetown #dreamscomestrue #emotions #ilovesouthafrica #interestingplace #journey #lighthousesoftheworld #lighthouses #lovelighthouses #myjourney #southafrica #southafricaza #southafrica2013 #travelling #travel2013 #trip #travel #thisissouthafrica
AMERICA,Those African clouds.. #masaimara #massaimara #masaaimara #gamereserve #kenya #safari #amazing #beautiful #nature #naturegram #natureonly #natureporn #trip #travel #travelbug #wander #wanderlust #traveling #travel2013 #travelblog #africa #thisisafrica #beautifulkenya #eastafrica #travelinspiration #traveltheworld #seetheworld #aroundtheworld
AFRICA,Blue Shark #blueshark #beautiful #emotions #dreamscomestrue #ilovesouthafrica #iloveshark #journey #myjourney #southafrica #southafricaza #southafrica2013 #sharkdiving #stopthecull #savesharks #sharks #southafricadiving #stopsharkfinning #sharkexplorers #travelling #travel2013 #trip #travel #thisissouthafrica
AFRICA,"The First Lighthouse of Cape Point
#amazingcapetown #beautifulplace #ilovesouthafrica #interestingplace #lighthousesoftheworld #lighthouses #lovelighthouses #capeofgoodhope #capeofstorms #capepoint #capetown #dreamscomestrue #journey #myjourney #southafrica #southafricaza #southafrica2013 #travel #trip #travelling #travel2013 #thisissouthafrica"
AMERICA,"#nofilter #sunrise in #panglaoisland, #bohol, #philippines #itsmorefuninthephilippines #throwback #travel2013 #wanderlust #fernweh #thankful #blessed"
AFRICA, #masaimara #masaaimara #massaimara #gamereserve #kenya #safari #africa #thisisafrica #lions #freedom #keepanimalsfree #lion #plains #safaribug #travelbug #travel2013 #travelblog #travellife #travellife #travelonly #travelporn #traveltheworld #travelinspiration #natureonly #natureporn #wildlife #wild #wildanimals #fernweh #wander #wanderlust
AMERICA,#dobby #argentina #travel2013
EU,#barcelona2013 #barcelona #spain2013 #spain #europe #instabarcelona #instatravel #instaeurope #instaspain #city #tagsforlikes #tagsforlike #instagrameurope #nofilter #iphone #iphone4 #travelgram #travel2013 #traveller #travel #iphonephoto #travelporn #cityporn #travelphotography
APAC,the early bird catches the worm... or in this case gets to swim with whale sharks! #oslob #cebu #sunrise #butanding #itsmorefuninthephilippines  #philippines #throwback #travel2013 #wanderlust #fernweh #thankful #blessed
OTHERS,. # #barcelona2013 #barcelona #spain2013 #spain #instabarcelona #instatravel #instaspain #street #nofilter #tagsforlikes #tagsforlike #europe #instaeurope #travelgram #travel2013 #traveller
EU,#barcelona #instaspain #spain #instabarcelona #tagsforlike #tagsforlikes #travelgram #barcelona2013 #street #nofilter #travel2013 #spain2013 #instatravel #traveller #people #pedestrian #relax #chill #bluesky
EU,#londres  #momentosfelices #travel2013 #Teatroglobo
EU,#Londres #viajeconpasaporte #momentosfelices #travel2013 #Stonehenge
EU,#Stonehenge #Londres #viajeconpasaporte #Sinfiltro #momentosfelices #travel2013
EU,#DisneylandiaPars #sacandoelnioquetenemosdentro #momentosfelices #travel2013 #viajeconpasaporte
EU,#DisneylandiaPars #Quierovolvernohaypasaje #travel2013 #momentosfelices #vacacionesconpasaporte
APAC,#Arcodeltriunfo #Parsteam  #viajeconpasaporte #momentosfelices #travel2013
EU,#vistatorreeiffel  #travel2013 #viajeconpasaporte #Pars #parsdesdrloalto
OTHERS,#torreeiffel #Parsteamo #Vacaciones2013 #viajeconpasaporte #momentosfelices #travel2013
EU,Mi felicidad era mxima #momentosfelices #travel2013 #viajeconpasaporte #Pars #Parsteam
OTHERS,Pasando el salto el Sapo #Canaima #travel2013
AMERICA,#Saltongel #Canaima #Vzlaesunasorpresanatural  #saltomsaltodelmundo #momentosfelices #travel2013
OTHERS,1-feb: Why am I not all surprised to see the McDonald's sign after Checkpoint Charlie?!! #winter2013
EU,1-feb: Entering Checkpoint Charlie to the former west Berlin... #winter2013
EU,1-feb: His safari Trabant... One size fits all!  #germany #berlin #winter2013
EU,1-feb: My pink Trabant!#germany #berlin #winter2013
OTHERS,Black horse sculpture @ Barcelona airport. #bcn #barcelona #barcelonaairport #airport #instaspain #spain #instabarcelona #horse #tagsforlikes #tagsforlike #travelgram #travel2013 #traveller #travel #instatravel #blackhorse #blackhorsesculpture #barcelona2013 #nofilter
EU,"Flashback Friday

An evening in Paris.. Org gi Effiel Tower ngan couple aku gi sorang2.. layan emo sorang2.. jadi photographer jalanan org lain.. kene kejar ngan robber tapi yet still a great experience for.. meeting new people.. learning about their culture, art and history.. hopefully someday will be able to came back here again... #flashback #throwback #shafikrambling #backpacking2013 #travel2013 #traveller #backpacker #travellingdoctor #lonelyplanet #paris #france #eiffel #tower #winter #europe #solotrip"
EU,1-feb: Le poupee ! #germany #berlin #pariserplatz #brandenburgertor #winter2013
AMERICA,1-feb: On the east of Brandenburg Gate... #germany #berlin #pariserplatz #winter2013
EU,"It's been a year. Will go back, but not so soon. My little one needs to go out first.  #flashbackfriday #europe #travel2013"
EU,"1-feb: Ms. Turtle on this race to the Reichstag Dome...step, NO...step, YES!... #germany #berlin #reichstag #winter2013"
EU,1-feb: Le poupee ! #germany #berlin #reichstag #winter2013
APAC,My #India trip #travel2013 #throwbackthursday #tbt #explore #wanderlust #selfie #travelgram #traveladdict #travelselfie #igtravel #adventure #byahetayo #newdelhi
APAC,Malaysia is truly Asia... #throwbackthursday #melacca #malacca #malaysia #travel2013 #ilovetotravel #bavstravel #bavsicle
EU,You are gold.#travel2013 #amsterdam #roadtrip #familienalbum
EU,1-feb: Tick-tock...tick...tock... Where's that train? #germany #berlin #BrandenburgerTor #winter2013
OTHERS,Snow globe #Switzerland #travel2013
EU,#london #london2013 #instatravel #instalondon #iguk #instauk #iglondon #instagramuk #instagramlondon #travelgram #travel2013 #traveller #travel #tagsforlikes #tagsforlike #nofilter #insta_uk #uk #centrallondon #street
EU,Night. London. #london #instalondon #london2013 #instauk ##centrallondon #buildings #instabuildings #insta_uk #uk #travel #traveller #travelgram #instatravel #travel2013
AMERICA,simultaneously listening to people talk in different languages is music to my ears... #mykonos #throwback #travel2013 #wanderlust #fernweh #thankful #blessed
APAC,I miss shopping in Bandung. Semalam punya ghalit baca blog kak di pasal Bandung pastu FL sibuk post gambaq trip Jakarta-Bandung aku teringat plak keasikkan shopping kat sana. Pening woi nak pilih factory outlet yg mana nak masuk dulu. Siap duit ja. #throwback #travel2013 #bandung
AFRICA," One of my favorite pictures from Maasai Mara, a lion walking along a dirt road. #masaimara #massaimara #maasaimara #gamereserve #safari #kenya #thisisafrica #africa #beautiful #amazing #lion #favoriteanimal #wild #wildlife #wildanimals #keepanimalsfree #natureonly #natureporn #travel #knowhowadventure #travelbug #travel2013 #travelgram #travelonly #travelporn #travelinspiration #traveltheworld #wander #wanderlust #fernweh"
EU,31-jan: Found my spot at this former Berlin Wall (for photo souvenir before it is completely torn down as reported in the news). #germany #berlin #winter2013
EU,"31-jan: Love, not war, on the former Berlin Wall. #germany #berlin #winter2013"
OTHERS,31-jan: When Berlin was in the east. #germany #berlin #winter2013
EU,#santorini in my mind... #TBT #wanderlust #fernweh  #travel2013 #greece #greekislands
APAC,Happiness is hanging out with my sissy! #tbt #singapore #sentosa #travel2013 #sisters #fun #bondingmoments
APAC,#Repost from @weddingrus with @repostapp ---   )) #srilanka #srilankan #srilankans #srilanka2013 #srilanka2014 #srilanka2014 #srilankanfood #travel #travels #traveler #travelbag #travelbug #travelers #traveling #traveller #travelbag #travelbug #travelers #traveling #traveller #travelpic #travelzad #travel2013 #travelasia #travelball #travelblog #travelgram #srilankangirl #srilankanstyle #srilankatravel #srilankanwedding
OTHERS,None
AFRICA,"Entrance to 
Bahrain National Museum
Bahrain 
#travel #travel2013 #wanderlust  #fernweh #bahrain"
APAC,"Al Areen Wildlife Park
Bahrain 
#travel #travel2013 #wanderlust #fernweh #bahrain"
EU,#Repost from @metelevv with @repostapp --- #travel #travels #traveler #travelbag #travelbug #travelers #traveling #traveller #travelbag #travelbug #travelers #traveling #traveller #travelpic #travelzad #travel2013 #travelasia #travelball #travelblog #travelgram #italy #italywedding #italyweddings #italyweddingday #italyweddinglove #italyweddingplanner #italyweddingphotographer #italyweddingphotographers #sicilia #siciliawedding
EU,"30-jan: River cruise, or KaDeWe??? #germany #berlin #winter2013"
AMERICA,One of the pretty mausoleums at the cemetery where Evita rests in Buenos Aires! #larecoletacemetary #cementariodelarecoleta #cemetary #recoleta #buenosaires #famous #evita #travel #travelbug #travel2013 #travelblog #travelgram #travellife #travellust #travelonly #travelporn #travelabroad #travelinspiration #traveltheworld #aroundtheworld #wander #wanderlust #fernweh #beautiful #argentina #knowhowadventure
EU,"30-jan: S-Bahn to museumsinsel, the Museum island. #germany #berlin #potsdamerplatz #winter2013"
APAC,"30-jan: S-Bahn, U-bahn...with a 7-day pass, anything goes! Starting point at Potsdamer Platz. #germany #berlin #potsdamerplatz #winter2013"
EU,#mykonos and it's #windmills... #throwback #travel2013 #wanderlust #fernweh #blessed #thankful #greece #greekislands
APAC,"29-jan: Here comes the 5-minute delayed last connecting ICE train to Berlin at fulda, and I would think it'll be spot on...tsk. #germany #fulda #berlin #winter2013"
AMERICA,The obelisk of buenos aires! #obelisk #buenosaires #argentina #seeargetina #exploresouthamerica #explore #travel #travelbug #travelpic #travel2013 #travelblog #travelgram #travellove #travelonly #travelporn #travelabroad #traveladdict #traveltheworld #seetheworld #wander #wanderlust
AFRICA,Cape of Storms - South Africa #beautifulplace #ilovesouthafrica #interestingplace #capeofstorms #capepoint #capetown #dreamscomestrue #lighthouses #lovelighthouses #lighthousesoftheworld #journey #myjourney #southafrica #southafrica2012 #southafrica2013 #simonstown #sharkexplorers #trip #travel #travelling #travel2012 #travel2013
AFRICA,"Penguins at Boulders Beach - Simonstown/SA
#beach #bouldersbeach #capetown #capepoint #dreamscomestrue #emotions #falsebay #interesting #ilovesouthafrica #journey #myjourney #penguin #penguinofbouldersbeach #southafrica #southafrica2012 #southafrica2013 #simonstown #trip #travel #travelling #travel2012 #sharkexplorers #travel2013"
AFRICA,"Cape Point - South Africa
#beautifulplace #capetown #capepoint #dreamscomestrue #dive #boat #emotions #interestingplace #ilovesouthafrica #journey #lighthouses #lovelighthouses #lighthousesoftheworld #myjourney #capeofstorms #southafrica #southafrica2012 #southafrica2013 #simonstown #southafricadiving #sharkexplorers #trip #travel #travelling #travel2012 #travel2013"
APAC,"Dolphins in False Bay
#southafrica #southafrica2013 #capetown #dreamscomestrue #emotions #falsebay #ilovesouthafrica #interestingplace #journey #myjourney #dolphins #simonstown #sealisland #sharkexplorers #trip #travel #travelling #travel2013"
AFRICA,"Shark Explorers Dive Centre - Simonstown/SA
#whiteshark #whitesharkcagediving #southafrica #sharkdiving #southafrica2012 #southafrica2013 #simonstown #stopthecull #savesharks #sealisland #stopsharkfinning #southafricadiving #sharks #sharkexplorers #trip #travelling #travel #travel2012 #travel2013 #underwater #underwaterphotography #underwaterpicture #myjourney #ilovesouthafrica #interestingplace #ilovesharks"
AFRICA,"Delicious Breakfast
#bestbreakfast #breakfast #bestguesthouse #delicious #guesthouse #ilovesouthafrica #journey #myjourney #marinerguesthouse #simonstown #southafrica #southafrica2013 #trip #travel #travelling #travel2013"
AFRICA,"Stairways to Mariner Guesthouse - SA
#simonstown #southafrica #southafrica2013 #bestguesthouse #guesthouse #ilovesouthafrica #interestingplace #journey #myjourney #marinerguesthouse #stairways #stairs #trip #travel #travelling #travel2013"
AFRICA,"Mariner Guesthouse - Simon's Town - SA
#simonstown #southafrica #southafrica2013 #guesthouse #beautifulplace #building #dreamscomestrue #emotions #falsebay #interestingplace #ilovesouthafrica #journey #myjourney #trip #travel #travel2013 #travelling #marinerguesthouse #bestbreakfast #bestguesthouse"
AMERICA,#machupicchu #machupicchu2013 #peru #inca #incancivilisation #sevenwonder #ancientwonder #wonderoftheworld #travel #travelbug #travelpic #travel2013 #travelgram #travellove #travelonly #travelporn #traveladdict #seeperu #seetheworld #wander #wanderlust
AMERICA,#newyork #nakedcowboy #timessquare #travel2013
AFRICA,"False Bay - South Africa
#beautifulplace #dreamscomestrue #emotions #falsebay #nightoffalsebay #interestingplace #ilovesouthafrica #journey #myjourney #night #nightlights #southafrica #ship #southafrica2013 #trip #travel #travelling #travel2013 #yachtclub #nightview"
AFRICA,"Save Our Seas Shark Centre - my first pic in South Africa
#saveourseas #saveourseassharkcentre #kalkbay #southafrica #southafrica2013 #beautifulplace #diveinafrica #dreamscomestrue #emotions #falsebay #greatwhite #Ilovesharks #ilovesharks #journey #love #myjourney #savesharks #sharkdiving #sharks #stopthecull #sharkexplorers #trip #travel #travelling #travel2013"
AFRICA,"Cape Town - South Africa
#beautifulplace #capetown #dreamscomestrue #diveinafrica #emotions #iloveafrica #journey #love #myjourney #southafrica #southafrica2013 #flight #flying #travelling #travel2013 #trip #travel"
AMERICA,"Before the flight to Africa
#trip #travel #travelling #travel2013 #southafrica #southafrica2013 #aeroportodeguarulhos #myjourney #mydream #myfamily #love #loved #mylove #mychildren #journey #nicepeople #people #brazil #beautifulpeople #dreamscomestrue #emotions #interestingpeople"
APAC,Missing #maldives #tbt #throwbackthursday #travel2013 #travelgram #igersdubai #igtravel #wanderlust #explore #explorer #picoftheday #photooftheday #beattheheat #filipino #beach #byahetayo
APAC,Missing #maldives #tbt #throwbackthursday #adventure #wanderlust #explore #explorer #streetscene #byahetayo #travel #travel2013 #travelgram #igtravel
APAC,Missing #maldives #tbt #throwbackthursday #travel #travel2013 #igtravel #wanderlust #explore #explorer #byahetayo #adventure
APAC,Missing #maldives #throwbackthursday #tbt #travel2013 #adventure #wanderlust #explore #explorer #igtravel #byahetayo #filipino
OTHERS,#throwbackthursday #tbt #travel #travel2013 #maldives #wanderlust #explore #byahetayo #fun #filipino #igtravel #adventure
EU,#kopenhagen #kopenhagens #kopenhagenfur #kopenhagen2013 #kopenhagenlovers #kopenhagencalling #kopenhagenlifestyle #kopenhagencollective #kopenhagenfashiontrends #travel #travels #traveler #travelbag #travelbug #travelers #traveling #traveller #travelbag #travelbug #travelers #traveling #traveller #travelpic #travelzad #travel2013 #travelasia
AMERICA,Nature is beautiful. #puertomadryn #puntaninfas #elephantseals #sealions #seals #beach #coast #argentina #wildlife #animals #naturegram #natureonly #natureporn #amazing #travelbug #travel2013 #travelblog #travelgram #travellife #travellust #travelonly #travelsite #travelabroad #traveltheworld #travelinspiration #seetheworld #wander #wanderlust #fernweh
AMERICA,Those clouds! #iguazu #iguazufalls #gargantadeldiablo #devilsthroat #falls #waterfall #cataratas #fozdeiguazu #argentina #seeargentina #aroundtheworld #travelbug #travel #travel2013 #travelblog #travelgram #travellife #travelonly #travelislife #traveltheworld #travelinspiration #wander #wanderlust #fernweh #new7wonder #naturegram #natureonly #natureporn
AMERICA,A rainbow in the mist from Devil's Throat at Iguazu Falls! #rainbow #waterfall #mist #iguazufalls #devilsthroat #gargantadeldiablo #iguazu #cataratas #fozdeiguazu #powerful #new7wonder #worldwonder #amazing #naturegram #natureonly #natureporn #travel #travelbug #argentina #seeargentina #knowhowadventure #travel2013 #travelblog #travelgram #travelonly #traveltheworld #travelinspiration #wander #wanderlust #fernweh
APAC,"Animals deserve to be free  Sorry for posting all of these kenya pictures lately. I'm really missing it, in case you can't tell  #masaimara #masaaimara #massaimara #gamereserve #safari #kenya #africa #thisisafrica #amazing #wild #free #keepanimalsfree #wildanimal #lion #naturegram #natureonly #natureporn #travelonly #travelbug #travel2013 #wander #wanderlust #fernweh #safaribug #ilovethis #aroundtheworld #seetheworld #explore #exploreafrica"
AFRICA,Another one from Kenya. Too pretty to not post! #kenya #masaimara #masaaimara #massaimara #gamereserve #safari #africa #thisisafrica #nature #naturegram #natureonly #natureporn #travelinspiration #travelbug #travel2013 #traveltheworld #seetheworld #aroundtheworld #wander #wanderlust #fernweh
EU,I bless the rains down in Africa  #masaimara #massaimara #masaaimara #kenya #safari #gamereserve #amazing #elephant #elephants #nature #natureporn #natureonly #naturegram #landscape #travel2013 #africa #thisisafrica #keepanimalsfree #travelbug #travelblog #wander #wanderlust #fernweh #aroundtheworld #seetheworld #thisisafrica #beautifulworld
AFRICA,Topi in Kenya! #topi #wildlife #wildanimals #safari #masaimara #massaimara #masaaimara #gamereserve #kenya #africa #thisisafrica #free #keepanimalsfree #couple #travel #traveler #travelbug #travelpix #travel2013 #travelblog #travelgram #travelitis #travellife #travelling #travellove #travelonly #travelthursday #animals
AMERICA,A colorful glimpse into the stores on El Caminito in Buenos Aires! #elcaminito #laboca #buenosaires #argentina #colorful #colors #travel #travelbug #travel2013 #travellife #travellove #travelinspiration #wander #wanderlust #fernweh #aroundtheworld #seetheworld #seeargentina #culture
EU,Ohhhhh Iguazu Falls. #iguazufalls #fozdeiquazu #devilsthroat #gargantadeldiablo #cataratas #new7wonder #argentina #waterfalls #epic #amazing #beautiful #natureporn #naturegram #natureonly #travel #travelbug #travel2013 #travellife #travellove #traveltheworld #travelonly #aroundtheworld #seetheworld #wander #wanderlust #fernweh #globetrotter #worldtraveler
AMERICA,"Elephants on the move in Masai Mara. So beautiful, so free, so wild.  #elephants #masaimara #masaaimara #massaimara #gamereserve #safari #kenya #africa #thisisafrica #wildlife #wildanimals #beautiful #freedom #keepanimalsfree #animalsdontbelongincages #naturegram #natureonly #natureporn #travel #travelbug #travel2013 #travelblog #travellife #travelonly #travelporn #traveladdict #wander #wanderlust #fernweh"
AFRICA,"Herd on the move! #kenya #africa #masaimara #massaimara #masaaimara #gamereserve #safari #wildlife #wildanimals #elephant #elephants #baby #amazing #thisisafrica #beautifulkenya #amazing #travel2013 
#travelbug #travelblog #wander #wanderlust #fernweh #globetrotter #aroundtheworld #traveltheworld #seeafrica"
AMERICA,The walk to the top of Devil's Throat at Iguazu Falls! That's the mist coming up from the falls! Check out my blog post on the falls if you haven't already! #iguazu #iguazufalls #fozdeiguazu #cataratas #new7wonder #naturalworldwonder #wonderoftheworld #travel #travelbug #travel2013 #travelblog #travelgram #travellife #travellove #travelporn #traveltips #traveladdict #traveltheworld #travelinspiration #justgo #argentina #seeargentina #wander #wanderlust #fernweh
AMERICA,New blog post is up! It's called 'Three Days on a Bus' and touches on my bus trip from Buenos Aires to Lima! Hope you read it and enjoy it! (this is a picture of a town in Chile that I took from the bus) #busrides #longbusrides #bus #travelbybus #chile #desert #andes #southamerica #southamericatravel #travel #travelbug #travel2013 #travelblog #blog #travelgram #travellife #travellove #travelperu #travelporn #traveltips #traveladdict #traveltheworld #travelthursday #travelinspiration #aroundtheworld #wander #wanderlust #fernweh
AFRICA,Wild ostriches in Kenya! #kenya #ostrich #wildlife #wildanimals #keepanimalsfree #freedom #nature #naturegram #natureonly #natureporn #trip #travel #safari #kenya #africa #thisisafrica #gamereserve #masaimara #masaaimara #massaimara #amazing #somanyanimals #fernweh #wander #wanderlust #travelinspiration #travel2013 #travelbug #justgo
OTHERS,throwback #varsity2013 #travel2013.. miss this so much not gonna be the same next fall playing without you girls!
